epoch,step,train_loss_step
0,9,122.34407806396484
0,19,111.1509017944336
0,29,110.54917907714844
0,39,105.68830108642578
0,49,103.29888153076172
0,59,103.66375732421875
0,69,102.27871704101562
0,79,101.41835021972656
0,89,97.92037200927734
0,99,97.45858001708984
0,109,97.88185119628906
